Workbook

Sheet Nhat ky he thong
A1: Thời gian | B1: Thiết bị | C1: Mã cảnh báo | D1: Mã độc (thô) | E1: Mức độ | F1: Mã độc chuẩn hóa | G1: Tên mã độc | H1: Mô tả / Khuyến nghị
A2: 2026-10-20 08:14 | B2: WS-FIN-014 | C2: AL-1001 | D2: Trojan.Emotet | E2: Cao | F2: =TRIM(D2) | G2: =IFERROR(VLOOKUP(TRIM(D2),'Co so du lieu virus'!$A$2:$C$20,2,FALSE),"Chưa xác định") | H2: =IFERROR(VLOOKUP(TRIM(D2),'Co so du lieu virus'!$A$2:$C$20,3,FALSE),"Cần phân tích bổ sung")
A3: 2026-10-20 08:26 | B3: SRV-APP-02 | C3: AL-1002 | D3: Worm.Conficker | E3: Nghiêm trọng | F3: =TRIM(D3) | G3: =IFERROR(VLOOKUP(TRIM(D3),'Co so du lieu virus'!$A$2:$C$20,2,FALSE),"Chưa xác định") | H3: =IFERROR(VLOOKUP(TRIM(D3),'Co so du lieu virus'!$A$2:$C$20,3,FALSE),"Cần phân tích bổ sung")
A4: 2026-10-20 09:02 | B4: WS-HR-007 | C4: AL-1003 | D4: Ransom.LockBit | E4: Nghiêm trọng | F4: =TRIM(D4) | G4: =IFERROR(VLOOKUP(TRIM(D4),'Co so du lieu virus'!$A$2:$C$20,2,FALSE),"Chưa xác định") | H4: =IFERROR(VLOOKUP(TRIM(D4),'Co so du lieu virus'!$A$2:$C$20,3,FALSE),"Cần phân tích bổ sung")
A5: 2026-10-20 09:31 | B5: WS-SALES-021 | C5: AL-1004 | D5: Adware.Generic | E5: Trung bình | F5: =TRIM(D5) | G5: =IFERROR(VLOOKUP(TRIM(D5),'Co so du lieu virus'!$A$2:$C$20,2,FALSE),"Chưa xác định") | H5: =IFERROR(VLOOKUP(TRIM(D5),'Co so du lieu virus'!$A$2:$C$20,3,FALSE),"Cần phân tích bổ sung")
A6: 2026-10-20 10:05 | B6: SRV-FILE-01 | C6: AL-1005 | D6: Trojan.Emotet | E6: Cao | F6: =TRIM(D6) | G6: =IFERROR(VLOOKUP(TRIM(D6),'Co so du lieu virus'!$A$2:$C$20,2,FALSE),"Chưa xác định") | H6: =IFERROR(VLOOKUP(TRIM(D6),'Co so du lieu virus'!$A$2:$C$20,3,FALSE),"Cần phân tích bổ sung")
A7: 2026-10-20 10:42 | B7: WS-OPS-008 | C7: AL-1006 | D7: Spyware.Agent | E7: Cao | F7: =TRIM(D7) | G7: =IFERROR(VLOOKUP(TRIM(D7),'Co so du lieu virus'!$A$2:$C$20,2,FALSE),"Chưa xác định") | H7: =IFERROR(VLOOKUP(TRIM(D7),'Co so du lieu virus'!$A$2:$C$20,3,FALSE),"Cần phân tích bổ sung")
A8: 2026-10-20 11:17 | B8: WS-ENG-019 | C8: AL-1007 | D8: Worm.Conficker | E8: Nghiêm trọng | F8: =TRIM(D8) | G8: =IFERROR(VLOOKUP(TRIM(D8),'Co so du lieu virus'!$A$2:$C$20,2,FALSE),"Chưa xác định") | H8: =IFERROR(VLOOKUP(TRIM(D8),'Co so du lieu virus'!$A$2:$C$20,3,FALSE),"Cần phân tích bổ sung")
A9: 2026-10-20 11:48 | B9: WS-MKT-004 | C9: AL-1008 | D9: Unknown.Payload | E9: Thấp | F9: =TRIM(D9) | G9: =IFERROR(VLOOKUP(TRIM(D9),'Co so du lieu virus'!$A$2:$C$20,2,FALSE),"Chưa xác định") | H9: =IFERROR(VLOOKUP(TRIM(D9),'Co so du lieu virus'!$A$2:$C$20,3,FALSE),"Cần phân tích bổ sung")

Sheet Co so du lieu virus
A1: Mã độc chuẩn | B1: Tên hiển thị | C1: Mô tả / Khuyến nghị
A2: Trojan.Emotet | B2: Emotet (Trojan) | C2: Cách ly thiết bị; rà soát email và thông tin xác thực; quét toàn bộ điểm cuối.
A3: Worm.Conficker | B3: Conficker (Worm) | C3: Cô lập máy; vá hệ điều hành; kiểm tra chia sẻ mạng và lây lan ngang.
A4: Ransom.LockBit | B4: LockBit (Ransomware) | C4: Ngắt kết nối mạng; bảo toàn bằng chứng; khôi phục từ bản sao lưu sạch.
A5: Adware.Generic | B5: Adware (Generic) | C5: Gỡ ứng dụng không mong muốn; kiểm tra tiện ích trình duyệt.
A6: Spyware.Agent | B6: Agent (Spyware) | C6: Cách ly thiết bị; kiểm tra tiến trình/điểm bám trụ; đổi thông tin xác thực từ thiết bị sạch.
